case,kernel,backend,nboxes,ncells,ms_min,ms_median,gb_per_s
32^3,axpy,amrex,1,32768,0.00218058,0.0021876,360.65267039044653
32^3,axpy,kokkos_md,1,32768,0.00232538,0.00234198,338.19504769113007
32^3,axpy,kokkos_flat,1,32768,0.00242358,0.0024273800000000002,324.4918674027678
32^3,axpy,kokkos_md_a4,1,32768,0.0023808,0.0023914,330.3225806451613
32^3,axpy,kokkos_stream,1,32768,0.00232038,0.00234978,338.92379696429026
32^3,axpy,amrex_fused,1,32768,0.0022,0.0022076,357.4690909090909
32^3,axpy,kokkos_team,1,32768,0.002412,0.00241958,326.04975124378115
32^3,laplacian,amrex,1,32768,0.00369778,0.0036997799999999997,141.784530177566
32^3,laplacian,kokkos_md,1,32768,0.00381038,0.00381218,137.59467559665967
32^3,laplacian,kokkos_flat,1,32768,0.00395678,0.00397258,132.5037025055727
32^3,laplacian,kokkos_md_a4,1,32768,0.00379198,0.00379758,138.26233260723947
32^3,laplacian,kokkos_stream,1,32768,0.00376718,0.00377278,139.17253754798017
32^3,laplacian,amrex_fused,1,32768,0.00370338,0.0037085800000000004,141.57013322964426
32^3,laplacian,kokkos_team,1,32768,0.0038274000000000003,0.00383558,136.9828081726498
32^3,vanleer,amrex,1,32768,0.0403484,0.040353219999999995,32.48505516947388
32^3,vanleer,kokkos_md,1,32768,0.03868502,0.03868862,33.88184883968006
32^3,vanleer,kokkos_flat,1,32768,0.038864619999999996,0.038877419999999996,33.72527507023098
32^3,vanleer,kokkos_md_a4,1,32768,0.045114,0.045346580000000004,29.053508888593342
32^3,vanleer,kokkos_stream,1,32768,0.03867662,0.03868384,33.88920748503876
32^3,vanleer,amrex_fused,1,32768,0.04040362,0.040416600000000004,32.44065754504176
32^3,vanleer,kokkos_team,1,32768,0.0442888,0.0447018,29.59484113365004
64^3,axpy,amrex,1,262144,0.00477258,0.00477878,1318.2505060156143
64^3,axpy,kokkos_md,1,262144,0.00479818,0.00480578,1311.2171698435657
64^3,axpy,kokkos_flat,1,262144,0.0050567799999999994,0.00506798,1244.1624907549863
64^3,axpy,kokkos_md_a4,1,262144,0.00484038,0.00761556,1299.78555402675
64^3,axpy,kokkos_stream,1,262144,0.004767179999999999,0.0047811799999999995,1319.743747876103
64^3,axpy,amrex_fused,1,262144,0.00468238,0.00468458,1343.6448985345062
64^3,axpy,kokkos_team,1,262144,0.00493458,0.00494098,1274.9729460258015
64^3,laplacian,amrex,1,262144,0.01604452,0.01605052,261.41660828744017
64^3,laplacian,kokkos_md,1,262144,0.01578034,0.01579752,265.79300572737975
64^3,laplacian,kokkos_flat,1,262144,0.01592274,0.01592912,263.4159698644831
64^3,laplacian,kokkos_md_a4,1,262144,0.01572014,0.01573272,266.81085537406153
64^3,laplacian,kokkos_stream,1,262144,0.01575532,0.01578914,266.2150943300422
64^3,laplacian,amrex_fused,1,262144,0.016021920000000002,0.01602992,261.785354064931
64^3,laplacian,kokkos_team,1,262144,0.01581894,0.01584392,265.1444407779535
64^3,vanleer,amrex,1,262144,0.29622446,0.29625886,35.39802216197811
64^3,vanleer,kokkos_md,1,262144,0.24660468000000002,0.24683828,42.52052313038016
64^3,vanleer,kokkos_flat,1,262144,0.2466939,0.24682310000000002,42.50514504006787
64^3,vanleer,kokkos_md_a4,1,262144,0.24786088,0.24792548,42.30502207528674
64^3,vanleer,kokkos_stream,1,262144,0.24724807999999998,0.24726648,42.40987432541438
64^3,vanleer,amrex_fused,1,262144,0.26638978,0.27063738,39.36247103774026
64^3,vanleer,kokkos_team,1,262144,0.24755288,0.24775448,42.35765707916627
128^3,axpy,amrex,1,2097152,0.0221367,0.022161900000000002,2273.6743959126698
128^3,axpy,kokkos_md,1,2097152,0.0215733,0.0215815,2333.052801379483
128^3,axpy,kokkos_flat,1,2097152,0.02357608,0.0236103,2134.860757174221
128^3,axpy,kokkos_md_a4,1,2097152,0.0217387,0.0246351,2315.3016509726895
128^3,axpy,kokkos_stream,1,2097152,0.02155692,0.0215683,2334.8255687732753
128^3,axpy,amrex_fused,1,2097152,0.0220781,0.022096300000000003,2279.709214108098
128^3,axpy,kokkos_team,1,2097152,0.0222351,0.0222403,2263.6123966161613
128^3,laplacian,amrex,1,2097152,0.10043676,0.10265194,334.08516961319737
128^3,laplacian,kokkos_md,1,2097152,0.09993116,0.09993534,335.77546783205554
128^3,laplacian,kokkos_flat,1,2097152,0.09991196000000001,0.09992533999999999,335.839993530304
128^3,laplacian,kokkos_md_a4,1,2097152,0.09984316,0.09984973999999999,336.0714144063549
128^3,laplacian,kokkos_stream,1,2097152,0.10018556,0.10020114,334.92283718332266
128^3,laplacian,amrex_fused,1,2097152,0.10033516,0.1102351,334.4234663103143
128^3,laplacian,kokkos_team,1,2097152,0.10032496,0.10034756,334.45746701518743
128^3,vanleer,amrex,1,2097152,2.08760456,2.11460308,40.18293579508181
128^3,vanleer,kokkos_md,1,2097152,1.95715218,1.99964338,42.86129655998442
128^3,vanleer,kokkos_flat,1,2097152,1.97540772,1.98864384,42.465198019981415
128^3,vanleer,kokkos_md_a4,1,2097152,1.96662156,1.99477702,42.65491729888285
128^3,vanleer,kokkos_stream,1,2097152,2.00214062,2.0296415,41.89819594190142
128^3,vanleer,amrex_fused,1,2097152,2.06978172,2.10534556,40.52895007691923
128^3,vanleer,kokkos_team,1,2097152,1.99044508,2.00315464,42.14438310450645
256^3,axpy,amrex,1,16777216,0.86881652,0.8929706199999999,463.45019314319666
256^3,axpy,kokkos_md,1,16777216,0.8819216799999999,0.90212236,456.5634263577692
256^3,axpy,kokkos_flat,1,16777216,0.8705085,0.89551782,462.54939957507594
256^3,axpy,kokkos_md_a4,1,16777216,0.8733601,0.8986641799999999,461.0391338005938
256^3,axpy,kokkos_stream,1,16777216,0.8732379,0.8746913000000001,461.10365113561835
256^3,axpy,amrex_fused,1,16777216,0.86925654,0.8954386,463.21559340813246
256^3,axpy,kokkos_team,1,16777216,0.87294872,0.8995812,461.2564000322951
256^3,laplacian,amrex,1,16777216,0.78612292,0.81954376,341.4675353823801
256^3,laplacian,kokkos_md,1,16777216,0.79276788,0.8367160800000001,338.6053632748088
256^3,laplacian,kokkos_flat,1,16777216,0.79223668,0.88817806,338.83240043871734
256^3,laplacian,kokkos_md_a4,1,16777216,0.87342752,0.88728026,307.33569741425134
256^3,laplacian,kokkos_stream,1,16777216,0.87850952,0.90788756,305.5578225264992
256^3,laplacian,amrex_fused,1,16777216,0.8140744,0.87552032,329.74314878345274
256^3,laplacian,kokkos_team,1,16777216,0.82881014,0.84321286,323.88051623017066
256^3,vanleer,amrex,1,16777216,18.03034102,18.42825288,37.219963796336444
256^3,vanleer,kokkos_md,1,16777216,16.97638032,16.996788,39.53072606469504
256^3,vanleer,kokkos_flat,1,16777216,16.950119,17.07720914,39.591972186153974
256^3,vanleer,kokkos_md_a4,1,16777216,16.82255778,17.1371513,39.89218814262857
256^3,vanleer,kokkos_stream,1,16777216,16.01669362,16.06349108,41.89932428763034
256^3,vanleer,amrex_fused,1,16777216,16.87658014,17.83304612,39.76449223912493
256^3,vanleer,kokkos_team,1,16777216,15.88600516,15.96361218,42.244014983059465
128^3/8box,axpy,amrex,8,2097152,0.0248931,0.0248981,2021.9116140617277
128^3/8box,axpy,kokkos_md,8,2097152,0.03417026,0.03419186,1472.9664919143138
128^3/8box,axpy,kokkos_flat,8,2097152,0.03625444,0.03626206,1388.289213679759
128^3/8box,axpy,kokkos_md_a4,8,2097152,0.03458506,0.034650059999999996,1455.3002944045782
128^3/8box,axpy,kokkos_stream,8,2097152,0.0249633,0.0249863,2016.2257393854177
128^3/8box,axpy,amrex_fused,8,2097152,0.029243679999999998,0.02927468,1721.111980434747
128^3/8box,axpy,kokkos_team,8,2097152,0.03252428,0.03287268,1547.5099833109296
128^3/8box,laplacian,amrex,8,2097152,0.1006446,0.10068578,333.3952541914817
128^3/8box,laplacian,kokkos_md,8,2097152,0.11344854,0.11346894,295.7678609173816
128^3/8box,laplacian,kokkos_flat,8,2097152,0.11428394000000001,0.11432332,293.6058382306385
128^3/8box,laplacian,kokkos_md_a4,8,2097152,0.11328213999999999,0.11331134000000001,296.2023139746478
128^3/8box,laplacian,kokkos_stream,8,2097152,0.0987516,0.10854675999999999,339.78621105885884
128^3/8box,laplacian,amrex_fused,8,2097152,0.10028437999999999,0.10030359999999999,334.59280498119455
128^3/8box,laplacian,kokkos_team,8,2097152,0.1005402,0.1005466,333.7414486941542
128^3/8box,vanleer,amrex,8,2097152,2.08284294,2.1095848200000002,40.2747986365213
128^3/8box,vanleer,kokkos_md,8,2097152,1.99333012,2.10735546,42.083385565859004
128^3/8box,vanleer,kokkos_flat,8,2097152,2.02087962,2.0631590600000003,41.50968675709639
128^3/8box,vanleer,kokkos_md_a4,8,2097152,2.06138306,2.2334913800000002,40.69407652937636
128^3/8box,vanleer,kokkos_stream,8,2097152,1.96985064,2.0639866799999997,42.58499517506566
128^3/8box,vanleer,amrex_fused,8,2097152,2.1091611,2.2501377199999997,39.7722487864962
128^3/8box,vanleer,kokkos_team,8,2097152,2.03023544,2.1659971,41.318399997982496
256^3/8box,axpy,amrex,8,16777216,0.8708115,0.8833594600000001,462.3884549067164
256^3/8box,axpy,kokkos_md,8,16777216,0.8707441199999999,0.8990318,462.4242354918228
256^3/8box,axpy,kokkos_flat,8,16777216,0.8759263,0.89560382,459.6884281246036
256^3/8box,axpy,kokkos_md_a4,8,16777216,0.8717921,0.88984842,461.8683559990966
256^3/8box,axpy,kokkos_stream,8,16777216,0.8684013199999999,0.8770848800000001,463.67177792866556
256^3/8box,axpy,amrex_fused,8,16777216,0.86905714,0.88242226,463.3218754752996
256^3/8box,axpy,kokkos_team,8,16777216,0.87776568,0.9754689000000001,458.72513949280864
256^3/8box,laplacian,amrex,8,16777216,0.78913766,0.8327940599999999,340.163028083085
256^3/8box,laplacian,kokkos_md,8,16777216,0.81230996,0.8261770799999999,330.4593926190441
256^3/8box,laplacian,kokkos_flat,8,16777216,0.8148583600000001,0.84163702,329.4259090622817
256^3/8box,laplacian,kokkos_md_a4,8,16777216,0.8251373200000001,0.8357086800000001,325.3221609222571
256^3/8box,laplacian,kokkos_stream,8,16777216,0.7911290599999999,0.81269636,339.30678263796807
256^3/8box,laplacian,amrex_fused,8,16777216,0.8934730399999999,0.90733558,300.44046544482194
256^3/8box,laplacian,kokkos_team,8,16777216,0.8297119000000001,0.9068081800000001,323.52851152309614
256^3/8box,vanleer,amrex,8,16777216,16.70652836,17.429263419999998,40.169245551144535
256^3/8box,vanleer,kokkos_md,8,16777216,16.093609360000002,16.14745086,41.69907601137398
256^3/8box,vanleer,kokkos_flat,8,16777216,16.6466967,16.8363671,40.31362210137462
256^3/8box,vanleer,kokkos_md_a4,8,16777216,16.0268651,16.42317192,41.8727328028736
256^3/8box,vanleer,kokkos_stream,8,16777216,16.084849300000002,16.8706209,41.72178597905794
256^3/8box,vanleer,amrex_fused,8,16777216,17.33729576,17.53454798,38.70780364422877
256^3/8box,vanleer,kokkos_team,8,16777216,16.65756804,17.5303588,40.28731195265164
256^3/64box,axpy,amrex,64,16777216,0.9351705800000001,0.95301332,430.5665646581824
256^3/64box,axpy,kokkos_md,64,16777216,0.99641756,1.03661822,404.10085105284577
256^3/64box,axpy,kokkos_flat,64,16777216,1.0010727400000001,1.02225566,402.2217046885124
256^3/64box,axpy,kokkos_md_a4,64,16777216,0.95831932,0.9976703600000001,420.16598809674423
256^3/64box,axpy,kokkos_stream,64,16777216,0.87090102,0.8975101200000001,462.3409259527563
256^3/64box,axpy,amrex_fused,64,16777216,0.87108902,0.88966516,462.2411427020398
256^3/64box,axpy,kokkos_team,64,16777216,0.88544218,0.90711008,454.7481395114924
256^3/64box,laplacian,amrex,64,16777216,0.7847761400000001,0.8172476399999999,342.053538987564
256^3/64box,laplacian,kokkos_md,64,16777216,0.97176626,0.9738954599999999,276.2345916393516
256^3/64box,laplacian,kokkos_flat,64,16777216,0.9788468399999999,0.98193422,274.2364229321106
256^3/64box,laplacian,kokkos_md_a4,64,16777216,0.95794072,0.97278166,280.22136484604187
256^3/64box,laplacian,kokkos_stream,64,16777216,0.7997821,0.8206416400000001,335.6357387843513
256^3/64box,laplacian,amrex_fused,64,16777216,0.79224412,0.8279906,338.82921844847516
256^3/64box,laplacian,kokkos_team,64,16777216,0.8087978800000001,0.83404798,331.8943615430842
256^3/64box,vanleer,amrex,64,16777216,17.03516698,17.06789992,39.39430947685375
256^3/64box,vanleer,kokkos_md,64,16777216,16.41574848,16.58894974,40.88078230594331
256^3/64box,vanleer,kokkos_flat,64,16777216,16.44727652,16.48736452,40.80241729893407
256^3/64box,vanleer,kokkos_md_a4,64,16777216,16.40111462,16.44941514,40.91725809791335
256^3/64box,vanleer,kokkos_stream,64,16777216,16.03461208,16.11890006,41.852502364996404
256^3/64box,vanleer,amrex_fused,64,16777216,16.84908518,16.86663664,39.82938140740053
256^3/64box,vanleer,kokkos_team,64,16777216,15.89962736,16.66406006,42.207821907091535
64^3/512box,axpy,amrex,512,262144,0.80222514,0.80481634,7.842506655924544
64^3/512box,axpy,kokkos_md,512,262144,0.92627914,0.9395576800000001,6.792181458388451
64^3/512box,axpy,kokkos_flat,512,262144,1.15858676,1.16496154,5.430284737588406
64^3/512box,axpy,kokkos_md_a4,512,262144,0.88060788,0.8886934599999999,7.1444466292988436
64^3/512box,axpy,kokkos_stream,512,262144,0.9021938199999999,0.9116101799999999,6.97350819804995
64^3/512box,axpy,amrex_fused,512,262144,0.005362179999999999,0.005374179999999999,1173.3019033303622
64^3/512box,axpy,kokkos_team,512,262144,0.0061135799999999995,0.0061199800000000006,1029.095227346334
64^3/512box,laplacian,amrex,512,262144,0.8081059399999999,0.8176591000000001,5.190289778095185
64^3/512box,laplacian,kokkos_md,512,262144,0.9068162,0.9142613799999999,4.625307752552281
64^3/512box,laplacian,kokkos_flat,512,262144,1.13615366,1.14142702,3.691669663767135
64^3/512box,laplacian,kokkos_md_a4,512,262144,0.87792872,0.89442064,4.777499476267276
64^3/512box,laplacian,kokkos_stream,512,262144,0.8877404799999999,0.90567842,4.724696118397124
64^3/512box,laplacian,amrex_fused,512,262144,0.01425796,0.01427494,294.1727989137296
64^3/512box,laplacian,kokkos_team,512,262144,0.014427160000000001,0.01706074,290.72277565369757
64^3/512box,vanleer,amrex,512,262144,1.83579734,1.95897334,5.711828735954046
64^3/512box,vanleer,kokkos_md,512,262144,3.5693962800000003,3.7261289599999996,2.9376844646680693
64^3/512box,vanleer,kokkos_flat,512,262144,4.0257138,4.0691204800000005,2.6046958430080145
64^3/512box,vanleer,kokkos_md_a4,512,262144,3.38162574,3.41183926,3.1008044077639414
64^3/512box,vanleer,kokkos_stream,512,262144,1.0091303,1.0139554800000001,10.390888074612366
64^3/512box,vanleer,amrex_fused,512,262144,0.26107436,0.26117074,40.16388281101216
64^3/512box,vanleer,kokkos_team,512,262144,0.24921878,0.25876936,42.07451781924299
256^3/512box,axpy,amrex,512,16777216,0.8748055600000001,0.9113736400000001,460.27734894597603
256^3/512box,axpy,kokkos_md,512,16777216,1.83997264,1.98885332,218.8365061776136
256^3/512box,axpy,kokkos_flat,512,16777216,1.93010052,1.93277232,208.61772732955896
256^3/512box,axpy,kokkos_md_a4,512,16777216,1.86321834,1.8825601,216.10627984694483
256^3/512box,axpy,kokkos_stream,512,16777216,0.92238782,0.92393122,436.533500626667
256^3/512box,axpy,amrex_fused,512,16777216,0.9425243600000001,0.94823892,427.2071906979677
256^3/512box,axpy,kokkos_team,512,16777216,0.9472633399999999,0.99061038,425.069953620289
256^3/512box,laplacian,amrex,512,16777216,0.80901458,0.83249052,331.80546140466345
256^3/512box,laplacian,kokkos_md,512,16777216,2.05712774,2.12641814,130.49041670110384
256^3/512box,laplacian,kokkos_flat,512,16777216,2.1092902000000002,2.12741574,127.26340642932867
256^3/512box,laplacian,kokkos_md_a4,512,16777216,1.97747902,1.9870679999999998,135.7462978292432
256^3/512box,laplacian,kokkos_stream,512,16777216,0.9304538,0.9362735999999999,288.4994999214362
256^3/512box,laplacian,amrex_fused,512,16777216,0.82368936,0.89684952,325.8940433563449
256^3/512box,laplacian,kokkos_team,512,16777216,0.8954955200000001,0.91695746,299.76191952361745
256^3/512box,vanleer,amrex,512,16777216,16.82598698,17.2827281,39.88405796329697
256^3/512box,vanleer,kokkos_md,512,16777216,18.57781422,19.12239598,36.123121485278794
256^3/512box,vanleer,kokkos_flat,512,16777216,18.78575218,18.79519798,35.723277597288096
256^3/512box,vanleer,kokkos_md_a4,512,16777216,23.84862742,23.88449662,28.13950791303024
256^3/512box,vanleer,kokkos_stream,512,16777216,15.92033234,15.92797866,42.15292907635369
256^3/512box,vanleer,amrex_fused,512,16777216,17.09250982,17.468339880000002,39.26214740065599
256^3/512box,vanleer,kokkos_team,512,16777216,15.95916372,16.225444500000002,42.050363776830785
